Loan_ID,Gender,Married,Dependents,Education,Self_Employed,ApplicantIncome,CoapplicantIncome,LoanAmount,Loan_Amount_Term,Credit_History,Loan_Status,Property_Area_Rural,Property_Area_Semiurban,Property_Area_Urban,ApplicantIncome_Log,CoapplicantIncome_Log,LoanAmount_Log
LP001002,1,0,0,0,0,5849.0,0.0,126.0,360.0,1.0,1,False,False,True,8.674196940225903,0.0,4.844187086458591
LP001003,1,1,1,0,0,4583.0,1508.0,128.0,360.0,1.0,0,True,False,False,8.430327258394575,7.319202458767849,4.859812404361672
LP001005,1,1,0,0,1,3000.0,0.0,66.0,360.0,1.0,1,False,False,True,8.006700845440367,0.0,4.204692619390966
LP001006,1,1,0,1,0,2583.0,2358.0,120.0,360.0,1.0,1,False,False,True,7.857093864902493,7.765993079407675,4.795790545596741
LP001008,1,0,0,0,0,6000.0,0.0,141.0,360.0,1.0,1,False,False,True,8.699681400989514,0.0,4.955827057601261
LP001011,1,1,2,0,1,5417.0,4196.0,261.5,360.0,1.0,1,False,False,True,8.59748202264504,8.34212526333359,5.570251082031678
LP001013,1,1,0,1,0,2333.0,1516.0,95.0,360.0,1.0,1,False,False,True,7.755338812846501,7.324489979348532,4.564348191467836
LP001014,1,1,3,0,0,3036.0,2504.0,158.0,360.0,0.0,0,False,True,False,8.01862546504575,7.826044013518965,5.0689042022202315
LP001018,1,1,2,0,0,4006.0,1526.0,168.0,360.0,1.0,1,False,False,True,8.295798110636145,7.3310603052186325,5.1298987149230735
LP001020,1,1,1,0,0,10171.25,5743.125,261.5,360.0,1.0,0,False,True,False,9.227418703510933,8.655932872329714,5.570251082031678
LP001024,1,1,2,0,0,3200.0,700.0,70.0,360.0,1.0,1,False,False,True,8.071218539969863,6.55250788703459,4.2626798770413155
LP001027,1,1,2,0,0,2500.0,1840.0,109.0,360.0,1.0,1,False,False,True,7.824445930877619,7.518064181233078,4.700480365792417
LP001028,1,1,2,0,0,3073.0,5743.125,200.0,360.0,1.0,1,False,False,True,8.03073492409854,8.655932872329714,5.303304908059076
LP001029,1,0,0,0,0,1853.0,2840.0,114.0,360.0,1.0,0,True,False,False,7.5251007461258,7.951911381854188,4.74493212836325
LP001032,1,0,0,0,0,4950.0,0.0,125.0,360.0,1.0,1,False,False,True,8.507344855361422,0.0,4.836281906951478
LP001036,0,0,0,0,0,3510.0,0.0,76.0,360.0,0.0,0,False,False,True,8.163656176168432,0.0,4.343805421853684
LP001038,1,1,0,1,0,4887.0,0.0,133.0,360.0,1.0,0,True,False,False,8.494538500851432,0.0,4.897839799950911
LP001041,1,1,0,0,0,2600.0,3500.0,115.0,360.0,1.0,1,False,False,True,7.8636512654486515,8.160803920954665,4.7535901911063645
LP001043,1,1,0,1,0,7660.0,0.0,104.0,360.0,0.0,0,False,False,True,8.94389780251682,0.0,4.653960350157523
LP001046,1,1,1,0,0,5955.0,5625.0,261.5,360.0,1.0,1,False,False,True,8.6921543938039,8.635153989049803,5.570251082031678
LP001047,1,1,0,1,0,2600.0,1911.0,116.0,360.0,0.0,0,False,True,False,7.8636512654486515,7.555905093611346,4.762173934797756
LP001050,1,1,2,1,0,3365.0,1917.0,112.0,360.0,0.0,0,True,False,False,8.121480374750751,7.559038255443384,4.727387818712341
LP001052,1,1,1,0,0,3717.0,2925.0,151.0,360.0,0.0,0,False,True,False,8.220941168281389,7.98139158158007,5.0238805208462765
LP001066,1,1,0,0,1,9560.0,0.0,191.0,360.0,1.0,1,False,True,False,9.165447603085447,0.0,5.2574953720277815
LP001068,1,1,0,0,0,2799.0,2253.0,122.0,360.0,1.0,1,False,True,False,7.937374696163295,7.720461694599722,4.812184355372417
LP001073,1,1,2,1,0,4226.0,1040.0,110.0,360.0,1.0,1,False,False,True,8.34924780056679,6.947937068614969,4.709530201312334
LP001086,1,0,0,1,0,1442.0,0.0,35.0,360.0,1.0,0,False,False,True,7.274479558773871,0.0,3.58351893845611
LP001087,0,0,2,0,0,3750.0,2083.0,120.0,360.0,1.0,1,False,True,False,8.229777750081887,7.642044402873258,4.795790545596741
LP001091,1,1,1,0,0,4166.0,3369.0,201.0,360.0,0.0,0,False,False,True,8.334951631422454,8.122668023346407,5.308267697401205
LP001095,1,0,0,0,0,3167.0,0.0,74.0,360.0,1.0,0,False,False,True,8.060855752934316,0.0,4.31748811353631
LP001097,1,0,1,0,1,4692.0,0.0,106.0,360.0,1.0,0,True,False,False,8.453827315794417,0.0,4.672828834461906
LP001098,1,1,0,0,0,3500.0,1667.0,114.0,360.0,1.0,1,False,True,False,8.160803920954665,7.419380582918692,4.74493212836325
LP001100,1,0,3,0,0,10171.25,3000.0,261.5,360.0,1.0,0,True,False,False,9.227418703510933,8.006700845440367,5.570251082031678
LP001106,1,1,0,0,0,2275.0,2067.0,126.0,360.0,1.0,1,False,False,True,7.730174795246222,7.63433723562832,4.844187086458591
LP001109,1,1,0,0,0,1828.0,1330.0,100.0,360.0,0.0,0,False,False,True,7.511524648390866,7.193685818395112,4.61512051684126
LP001112,0,1,0,0,0,3667.0,1459.0,144.0,360.0,1.0,1,False,True,False,8.207401833376355,7.286191714702382,4.976733742420574
LP001114,1,0,0,0,0,4166.0,5743.125,184.0,360.0,1.0,1,False,False,True,8.334951631422454,8.655932872329714,5.220355825078324
LP001116,1,0,0,1,0,3748.0,1668.0,110.0,360.0,1.0,1,False,True,False,8.229244416735913,7.419979923661835,4.709530201312334
LP001119,1,0,0,0,0,3600.0,0.0,80.0,360.0,1.0,0,False,False,True,8.188966863648876,0.0,4.394449154672439
LP001120,1,0,0,0,0,1800.0,1213.0,47.0,360.0,1.0,1,False,False,True,7.496097345175956,7.101675971619444,3.871201010907891
LP001123,1,1,0,0,0,2400.0,0.0,75.0,360.0,0.0,1,False,False,True,7.783640596221253,0.0,4.330733340286331
LP001131,1,1,0,0,0,3941.0,2336.0,134.0,360.0,1.0,1,False,True,False,8.279443487712665,7.756623334538858,4.90527477843843
LP001136,1,1,0,1,1,4695.0,0.0,96.0,360.0,1.0,1,False,False,True,8.454466361507933,0.0,4.574710978503383
LP001137,0,0,0,0,0,3410.0,0.0,88.0,360.0,1.0,1,False,False,True,8.134760782418645,0.0,4.48863636973214
LP001138,1,1,1,0,0,5649.0,0.0,44.0,360.0,1.0,1,False,False,True,8.639410824140487,0.0,3.8066624897703196
LP001144,1,1,0,0,0,5821.0,0.0,144.0,360.0,1.0,1,False,False,True,8.669399124305569,0.0,4.976733742420574
LP001146,0,1,0,0,0,2645.0,3440.0,120.0,360.0,0.0,0,False,False,True,7.880804344674901,8.14351740579748,4.795790545596741
LP001151,0,0,0,0,0,4000.0,2275.0,144.0,360.0,1.0,1,False,True,False,8.294299608857235,7.730174795246222,4.976733742420574
LP001155,0,1,0,1,0,1928.0,1644.0,100.0,360.0,1.0,1,False,True,False,7.564757012905729,7.405495663199472,4.61512051684126
LP001157,0,0,0,0,0,3086.0,0.0,120.0,360.0,1.0,1,False,True,False,8.034955024502159,0.0,4.795790545596741
LP001164,0,0,0,0,0,4230.0,0.0,112.0,360.0,1.0,0,False,True,False,8.350193650720067,0.0,4.727387818712341
LP001179,1,1,2,0,0,4616.0,0.0,134.0,360.0,1.0,0,False,False,True,8.43750042250699,0.0,4.90527477843843
LP001186,0,1,1,0,1,10171.25,0.0,261.5,360.0,0.0,0,False,False,True,9.227418703510933,0.0,5.570251082031678
LP001194,1,1,2,0,0,2708.0,1167.0,97.0,360.0,1.0,1,False,True,False,7.904334842085095,7.0630481633881725,4.584967478670572
LP001195,1,1,0,0,0,2132.0,1591.0,96.0,360.0,1.0,1,False,True,False,7.665284718471351,7.3727463664043285,4.574710978503383
LP001197,1,1,0,0,0,3366.0,2200.0,135.0,360.0,1.0,0,True,False,False,8.121777419161074,7.696667081526462,4.912654885736052
LP001198,1,1,1,0,0,8080.0,2250.0,180.0,360.0,1.0,1,False,False,True,8.997270906233448,7.719129840906732,5.198497031265826
LP001199,1,1,2,1,0,3357.0,2859.0,144.0,360.0,1.0,1,False,False,True,8.119100837637486,7.958576903813898,4.976733742420574
LP001205,1,1,0,0,0,2500.0,3796.0,120.0,360.0,1.0,1,False,False,True,7.824445930877619,8.241966560231802,4.795790545596741
LP001206,1,1,3,0,0,3029.0,0.0,99.0,360.0,1.0,1,False,False,True,8.016317898503415,0.0,4.605170185988092
LP001213,1,1,1,0,0,4945.0,0.0,126.0,360.0,0.0,0,True,False,False,8.506334448081361,0.0,4.844187086458591
LP001222,0,0,0,0,0,4166.0,0.0,116.0,360.0,0.0,0,False,True,False,8.334951631422454,0.0,4.762173934797756
LP001225,1,1,0,0,0,5726.0,4595.0,258.0,360.0,1.0,0,False,True,False,8.652947112393857,8.432941638968646,5.556828061699537
LP001233,1,1,1,0,0,10171.25,0.0,261.5,360.0,1.0,1,False,False,True,9.227418703510933,0.0,5.570251082031678
LP001241,0,0,0,0,0,4300.0,0.0,136.0,360.0,0.0,0,False,True,False,8.366602832783736,0.0,4.919980925828125
LP001243,1,1,0,0,0,3208.0,3066.0,172.0,360.0,1.0,1,False,False,True,8.073714641109857,8.028455164114252,5.153291594497779
LP001245,1,1,2,1,1,1875.0,1875.0,97.0,360.0,1.0,1,False,True,False,7.53689712956617,7.53689712956617,4.584967478670572
LP001250,1,1,3,1,0,4755.0,0.0,95.0,360.0,0.0,0,False,True,False,8.467162257810672,0.0,4.564348191467836
LP001253,1,1,3,0,1,5266.0,1774.0,187.0,360.0,1.0,1,False,True,False,8.569216219483389,7.4815557019095165,5.236441962829949
LP001256,1,0,0,0,0,3750.0,4750.0,176.0,360.0,1.0,0,False,False,True,8.229777750081887,8.46611040118692,5.176149732573829
LP001259,1,1,1,0,1,1000.0,3022.0,110.0,360.0,1.0,0,False,False,True,6.90875477931522,8.014004994779459,4.709530201312334
LP001264,1,1,3,1,1,3333.0,2166.0,130.0,360.0,0.0,1,False,True,False,8.111928063310739,7.681099001536359,4.875197323201151
LP001265,0,0,0,0,0,3846.0,0.0,111.0,360.0,1.0,1,False,True,False,8.255048902752295,0.0,4.718498871295094
LP001266,1,1,1,0,1,2395.0,0.0,126.0,360.0,1.0,1,False,True,False,7.78155595923534,0.0,4.844187086458591
LP001267,0,1,2,0,0,1378.0,1881.0,167.0,360.0,1.0,0,False,False,True,7.229113877793302,7.540090320145325,5.123963979403259
LP001273,1,1,0,0,0,6000.0,2250.0,261.5,360.0,0.0,0,False,True,False,8.699681400989514,7.719129840906732,5.570251082031678
LP001279,1,0,0,0,0,2366.0,2531.0,136.0,360.0,1.0,1,False,True,False,7.769378609513984,7.836764783264067,4.919980925828125
LP001280,1,1,2,1,0,3333.0,2000.0,99.0,360.0,0.0,1,False,True,False,8.111928063310739,7.601402334583733,4.605170185988092
LP001282,1,1,0,0,0,2500.0,2118.0,104.0,360.0,1.0,1,False,True,False,7.824445930877619,7.6586995582682995,4.653960350157523
LP001289,1,0,0,0,0,8566.0,0.0,210.0,360.0,1.0,1,False,False,True,9.055672891964043,0.0,5.351858133476067
LP001310,1,1,0,0,0,5695.0,4167.0,175.0,360.0,1.0,1,False,True,False,8.647519453091812,8.335191583433202,5.170483995038151
LP001316,1,1,0,0,0,2958.0,2900.0,131.0,360.0,1.0,1,False,True,False,7.99260665240021,7.972810784121404,4.882801922586371
LP001319,1,1,2,1,0,3273.0,1820.0,81.0,360.0,1.0,1,False,False,True,8.09376775793108,7.507141079727608,4.406719247264253
LP001322,1,0,0,0,0,4133.0,0.0,122.0,360.0,1.0,1,False,True,False,8.327000740241713,0.0,4.812184355372417
LP001326,1,0,0,0,0,6782.0,0.0,126.0,360.0,0.0,0,False,False,True,8.82217476094608,0.0,4.844187086458591
LP001327,0,1,0,0,0,2484.0,2302.0,137.0,360.0,1.0,1,False,True,False,7.818027938530729,7.741967899820685,4.927253685157205
LP001333,1,1,0,0,0,1977.0,997.0,50.0,360.0,1.0,1,False,True,False,7.589841512182657,6.905753276311464,3.9318256327243257
LP001343,1,1,0,0,0,1759.0,3541.0,131.0,360.0,1.0,1,False,True,False,7.473069088032197,8.17244681834278,4.882801922586371
LP001349,1,0,0,0,0,4843.0,3806.0,151.0,360.0,1.0,1,False,True,False,8.485496104672983,8.244596756382498,5.0238805208462765
LP001350,1,1,0,0,0,10171.25,0.0,126.0,360.0,1.0,1,False,False,True,9.227418703510933,0.0,4.844187086458591
LP001356,1,1,0,0,0,4652.0,3583.0,126.0,360.0,1.0,1,False,True,False,8.445267451844648,8.18423477409482,4.844187086458591
LP001357,1,1,0,0,0,3816.0,754.0,160.0,360.0,1.0,1,False,False,True,8.247220052745229,6.626717749249025,5.081404364984463
LP001367,1,1,1,0,0,3052.0,1030.0,100.0,360.0,1.0,1,False,False,True,8.023879992734878,6.93828448401696,4.61512051684126
LP001369,1,1,2,0,0,10171.25,1126.0,225.0,360.0,1.0,1,False,False,True,9.227418703510933,7.027314514039777,5.420534999272286
LP001370,1,0,0,1,0,7333.0,0.0,120.0,360.0,1.0,0,True,False,False,8.900276348631271,0.0,4.795790545596741
LP001379,1,1,2,0,0,3800.0,3600.0,216.0,360.0,0.0,0,False,False,True,8.24301946898925,8.188966863648876,5.37989735354046
LP001385,1,0,0,0,0,5316.0,0.0,136.0,360.0,1.0,1,False,False,True,8.57866451350434,0.0,4.919980925828125
LP001387,0,1,0,0,0,2929.0,2333.0,139.0,360.0,1.0,1,False,True,False,7.982757702011113,7.755338812846501,4.941642422609304
LP001391,1,1,0,1,0,3572.0,4114.0,152.0,360.0,0.0,0,True,False,False,8.181160858023409,8.32239411311117,5.030437921392435
LP001392,0,0,1,0,1,7451.0,0.0,126.0,360.0,1.0,1,False,True,False,8.916237731721479,0.0,4.844187086458591
LP001398,1,0,0,0,0,5050.0,0.0,118.0,360.0,1.0,1,False,True,False,8.527341522468053,0.0,4.77912349311153
LP001404,0,1,0,0,0,3167.0,2283.0,154.0,360.0,1.0,1,False,True,False,8.060855752934316,7.7336835707759,5.043425116919247
LP001405,1,1,1,0,0,2214.0,1398.0,85.0,360.0,0.0,1,False,False,True,7.703007682479236,7.243512974665482,4.454347296253507
LP001421,1,1,0,0,0,5568.0,2142.0,175.0,360.0,1.0,0,True,False,False,8.624970783589669,7.669961995473577,5.170483995038151
LP001422,0,0,0,0,0,10171.25,0.0,259.0,360.0,1.0,1,False,False,True,9.227418703510933,0.0,5.560681631015528
LP001426,1,1,0,0,0,5667.0,2667.0,180.0,360.0,1.0,1,True,False,False,8.64259160081057,7.889084407035514,5.198497031265826
LP001430,0,0,0,0,0,4166.0,0.0,44.0,360.0,1.0,1,False,True,False,8.334951631422454,0.0,3.8066624897703196
LP001431,0,0,0,0,0,2137.0,5743.125,137.0,360.0,0.0,1,False,True,False,7.6676260915849905,8.655932872329714,4.927253685157205
LP001432,1,1,2,0,0,2957.0,0.0,81.0,360.0,1.0,1,False,True,False,7.992268643270745,0.0,4.406719247264253
LP001439,1,1,0,1,0,4300.0,2014.0,194.0,360.0,1.0,1,True,False,False,8.366602832783736,7.608374474380783,5.272999558563747
LP001443,0,0,0,0,0,3692.0,0.0,93.0,360.0,0.0,1,True,False,False,8.214194414852564,0.0,4.543294782270004
LP001448,1,1,3,0,0,10171.25,0.0,261.5,360.0,1.0,1,True,False,False,9.227418703510933,0.0,5.570251082031678
LP001449,1,0,0,0,0,3865.0,1640.0,126.0,360.0,1.0,1,True,False,False,8.259975659768276,7.403061091090091,4.844187086458591
LP001465,1,1,0,0,0,6080.0,2569.0,182.0,360.0,0.0,0,True,False,False,8.71292443512011,7.851661177889265,5.209486152841421
LP001473,1,0,0,0,0,2014.0,1929.0,74.0,360.0,1.0,1,False,False,True,7.608374474380783,7.5652752818989315,4.31748811353631
LP001478,1,0,0,0,0,2718.0,0.0,70.0,360.0,1.0,1,False,True,False,7.908019444632471,0.0,4.2626798770413155
LP001487,1,0,0,0,0,4895.0,0.0,102.0,360.0,1.0,1,False,True,False,8.496173824192162,0.0,4.634728988229636
LP001488,1,1,3,0,0,4000.0,5743.125,261.5,360.0,1.0,0,False,True,False,8.294299608857235,8.655932872329714,5.570251082031678
LP001489,0,1,0,0,0,4583.0,0.0,84.0,360.0,1.0,0,True,False,False,8.430327258394575,0.0,4.442651256490317
LP001491,1,1,2,0,1,3316.0,3500.0,88.0,360.0,1.0,1,False,False,True,8.106816038947052,8.160803920954665,4.48863636973214
LP001492,1,0,0,0,0,10171.25,0.0,242.0,360.0,0.0,0,False,True,False,9.227418703510933,0.0,5.493061443340548
LP001493,1,1,2,1,0,4200.0,1430.0,129.0,360.0,1.0,0,True,False,False,8.343077871169383,7.266128779556451,4.867534450455582
LP001497,1,1,2,0,0,5042.0,2083.0,185.0,360.0,1.0,0,True,False,False,8.525756422076725,7.642044402873258,5.225746673713202
LP001498,1,0,0,0,0,5417.0,0.0,168.0,360.0,1.0,1,False,False,True,8.59748202264504,0.0,5.1298987149230735
LP001507,1,1,0,0,0,2698.0,2034.0,122.0,360.0,1.0,1,False,True,False,7.900636613018005,7.618251097876695,4.812184355372417
LP001514,0,1,0,0,0,2330.0,4486.0,100.0,360.0,1.0,1,False,True,False,7.754052639035757,8.408939605975984,4.61512051684126
LP001516,0,1,2,0,0,10171.25,0.0,70.0,360.0,1.0,1,False,False,True,9.227418703510933,0.0,4.2626798770413155
LP001518,1,1,1,0,0,1538.0,1425.0,30.0,360.0,1.0,1,False,False,True,7.338888133838879,7.262628600974241,3.4339872044851463
LP001519,0,0,0,0,0,10000.0,1666.0,225.0,360.0,1.0,0,True,False,False,9.210440366976517,7.418780882750794,5.420534999272286
LP001520,1,1,0,0,0,4860.0,830.0,125.0,360.0,1.0,1,False,True,False,8.488999457045455,6.7226297948554485,4.836281906951478
LP001528,1,0,0,0,0,6277.0,0.0,118.0,360.0,0.0,0,True,False,False,8.744806737401898,0.0,4.77912349311153
LP001529,1,1,0,0,1,2577.0,3750.0,152.0,360.0,1.0,1,True,False,False,7.8547691834991324,8.229777750081887,5.030437921392435
LP001531,1,0,0,0,0,9166.0,0.0,244.0,360.0,1.0,0,False,False,True,9.123365357961776,0.0,5.501258210544727
LP001532,1,1,2,1,0,2281.0,0.0,113.0,360.0,1.0,0,True,False,False,7.732807530422021,0.0,4.736198448394496
LP001535,1,0,0,0,0,3254.0,0.0,50.0,360.0,1.0,1,False,False,True,8.08794755464267,0.0,3.9318256327243257
LP001541,1,1,1,0,0,6000.0,0.0,160.0,360.0,0.0,1,True,False,False,8.699681400989514,0.0,5.081404364984463
LP001543,1,1,1,0,0,9538.0,0.0,187.0,360.0,1.0,1,False,False,True,9.163143937145207,0.0,5.236441962829949
LP001546,1,0,0,0,0,2980.0,2083.0,120.0,360.0,1.0,1,True,False,False,8.000014093678072,7.642044402873258,4.795790545596741
LP001552,1,1,0,0,0,4583.0,5625.0,255.0,360.0,1.0,1,False,True,False,8.430327258394575,8.635153989049803,5.545177444479562
LP001560,1,1,0,1,0,1863.0,1041.0,98.0,360.0,1.0,1,False,True,False,7.530479995245536,6.948897222313312,4.59511985013459
LP001562,1,1,0,0,0,7933.0,0.0,261.5,360.0,1.0,0,False,False,True,8.978912601074276,0.0,5.570251082031678
LP001565,1,1,1,0,0,3089.0,1280.0,121.0,360.0,0.0,0,False,True,False,8.035926369891792,7.155396301896734,4.804021044733257
LP001570,1,1,2,0,0,4167.0,1447.0,158.0,360.0,1.0,1,True,False,False,8.335191583433202,7.277938572945661,5.0689042022202315
LP001574,1,1,0,0,0,3707.0,3166.0,182.0,360.0,1.0,1,True,False,False,8.218247926685745,8.06054004653864,5.209486152841421
LP001577,0,1,0,0,0,4583.0,0.0,112.0,360.0,1.0,0,True,False,False,8.430327258394575,0.0,4.727387818712341
LP001578,1,1,0,0,0,2439.0,3333.0,129.0,360.0,1.0,1,True,False,False,7.799753318287247,8.111928063310739,4.867534450455582
LP001580,1,1,2,0,0,8000.0,0.0,200.0,360.0,1.0,1,False,True,False,8.987321812850125,0.0,5.303304908059076
LP001581,1,1,0,1,0,1820.0,1769.0,95.0,360.0,1.0,1,True,False,False,7.507141079727608,7.478734825567875,4.564348191467836
LP001594,1,1,0,0,0,5708.0,5625.0,187.0,360.0,1.0,1,False,True,False,8.64979915596426,8.635153989049803,5.236441962829949
LP001603,1,1,0,1,1,4344.0,736.0,87.0,360.0,1.0,0,False,True,False,8.376781037699493,6.602587892189336,4.477336814478207
LP001606,1,1,0,0,0,3497.0,1964.0,116.0,360.0,1.0,1,True,False,False,8.159946655578548,7.583247524303362,4.762173934797756
LP001608,1,1,2,0,0,2045.0,1619.0,101.0,360.0,1.0,1,True,False,False,7.6236419465115715,7.3901814282264295,4.624972813284271
LP001610,1,1,3,0,0,5516.0,5743.125,261.5,360.0,0.0,0,False,True,False,8.61558951327243,8.655932872329714,5.570251082031678
LP001616,1,1,1,0,0,3750.0,0.0,116.0,360.0,1.0,1,False,True,False,8.229777750081887,0.0,4.762173934797756
LP001633,1,1,1,0,0,6400.0,5743.125,180.0,360.0,0.0,0,False,False,True,8.764209507142004,8.655932872329714,5.198497031265826
LP001634,1,0,0,0,0,1916.0,5063.0,67.0,360.0,0.0,0,True,False,False,7.558516743045645,8.529911963824013,4.219507705176107
LP001637,1,1,1,0,0,10171.25,0.0,260.0,360.0,1.0,0,False,True,False,9.227418703510933,0.0,5.564520407322694
LP001639,0,1,0,0,0,3625.0,0.0,108.0,360.0,1.0,1,False,True,False,8.195885391314796,0.0,4.6913478822291435
LP001640,1,1,0,0,1,10171.25,4750.0,120.0,360.0,1.0,1,False,True,False,9.227418703510933,8.46611040118692,4.795790545596741
LP001643,1,1,0,0,0,2383.0,2138.0,58.0,360.0,0.0,1,True,False,False,7.776535028185241,7.668093709082406,4.07753744390572
LP001644,1,1,0,0,1,674.0,5296.0,168.0,360.0,1.0,1,True,False,False,6.51471269087253,8.574895901544526,5.1298987149230735
LP001653,1,0,0,1,0,4885.0,0.0,48.0,360.0,1.0,1,True,False,False,8.494129251817686,0.0,3.8918202981106265
LP001656,1,0,0,0,0,10171.25,0.0,164.0,360.0,1.0,0,False,True,False,9.227418703510933,0.0,5.10594547390058
LP001657,1,1,0,1,0,6033.0,0.0,160.0,360.0,1.0,0,False,False,True,8.705165419719007,0.0,5.081404364984463
LP001658,1,0,0,0,0,3858.0,0.0,76.0,360.0,1.0,1,False,True,False,8.258163361537619,0.0,4.343805421853684
LP001664,1,0,0,0,0,4191.0,0.0,120.0,360.0,1.0,1,True,False,False,8.340933226000878,0.0,4.795790545596741
LP001665,1,1,1,0,0,3125.0,2583.0,170.0,360.0,1.0,0,False,True,False,8.047509510981422,7.857093864902493,5.14166355650266
LP001666,1,0,0,0,0,8333.0,3750.0,187.0,360.0,1.0,1,True,False,False,9.0280988119824,8.229777750081887,5.236441962829949
LP001669,0,0,0,1,0,1907.0,2365.0,120.0,360.0,1.0,1,False,False,True,7.553810852008231,7.768956044538332,4.795790545596741
LP001671,0,1,0,0,0,3416.0,2816.0,113.0,360.0,0.0,1,False,True,False,8.136518252115291,7.943427767876373,4.736198448394496
LP001673,1,0,0,0,1,10171.25,0.0,83.0,360.0,1.0,0,False,False,True,9.227418703510933,0.0,4.430816798843313
LP001674,1,1,1,1,0,2600.0,2500.0,90.0,360.0,1.0,1,False,True,False,7.8636512654486515,7.824445930877619,4.51085950651685
LP001677,1,0,2,0,0,4923.0,0.0,166.0,360.0,0.0,1,False,True,False,8.501876487304344,0.0,5.117993812416755
LP001688,1,1,1,1,0,3500.0,1083.0,135.0,360.0,1.0,1,False,False,True,8.160803920954665,6.988413181999592,4.912654885736052
LP001691,1,1,2,1,0,3917.0,0.0,124.0,360.0,1.0,1,False,True,False,8.273336598504486,0.0,4.8283137373023015
LP001692,0,0,0,1,0,4408.0,0.0,120.0,360.0,1.0,1,False,True,False,8.391403185357937,0.0,4.795790545596741
LP001693,0,0,0,0,0,3244.0,0.0,80.0,360.0,1.0,1,False,False,True,8.08487062913819,0.0,4.394449154672439
LP001698,1,0,0,1,0,3975.0,2531.0,55.0,360.0,1.0,1,True,False,False,8.288031567776464,7.836764783264067,4.02535169073515
LP001699,1,0,0,0,0,2479.0,0.0,59.0,360.0,1.0,1,False,False,True,7.8160138391590275,0.0,4.0943445622221
LP001702,1,0,0,0,0,3418.0,0.0,127.0,360.0,1.0,0,False,True,False,8.137103389639302,0.0,4.852030263919617
LP001708,0,0,0,0,0,10000.0,0.0,214.0,360.0,1.0,0,False,True,False,9.210440366976517,0.0,5.3706380281276624
LP001711,1,1,3,0,0,3430.0,1250.0,128.0,360.0,0.0,0,False,True,False,8.14060704285845,7.1316985104669115,4.859812404361672
LP001713,1,1,1,0,1,7787.0,0.0,240.0,360.0,1.0,1,False,False,True,8.960339366492091,0.0,5.484796933490655
LP001715,1,1,3,1,1,5703.0,0.0,130.0,360.0,1.0,1,True,False,False,8.648922962094131,0.0,4.875197323201151
LP001716,1,1,0,0,0,3173.0,3021.0,137.0,360.0,1.0,1,False,False,True,8.062747901086354,8.013674142832684,4.927253685157205
LP001720,1,1,3,1,0,3850.0,983.0,100.0,360.0,1.0,1,False,True,False,8.25608813381491,6.891625897052253,4.61512051684126
LP001722,1,1,0,0,0,150.0,1800.0,135.0,360.0,1.0,0,True,False,False,5.017279836814924,7.496097345175956,4.912654885736052
LP001726,1,1,0,0,0,3727.0,1775.0,131.0,360.0,1.0,1,False,True,False,8.223627175805483,7.4821189235521155,4.882801922586371
LP001732,1,1,2,0,0,5000.0,0.0,72.0,360.0,0.0,0,False,True,False,8.517393171418904,0.0,4.290459441148391
LP001734,0,1,2,0,0,4283.0,2383.0,127.0,360.0,0.0,1,False,True,False,8.36264243156764,7.776535028185241,4.852030263919617
LP001736,1,1,0,0,0,2221.0,0.0,60.0,360.0,0.0,0,False,False,True,7.706162970199576,0.0,4.110873864173311
LP001743,1,1,2,0,0,4009.0,1717.0,116.0,360.0,1.0,1,False,True,False,8.296546520300614,7.4489161025442,4.762173934797756
LP001744,1,0,0,0,0,2971.0,2791.0,144.0,360.0,1.0,1,False,True,False,7.99699040583765,7.934513463882263,4.976733742420574
LP001749,1,1,0,0,0,7578.0,1010.0,175.0,360.0,1.0,1,False,True,False,8.93313654381203,6.918695219020472,5.170483995038151
LP001750,1,1,0,0,0,6250.0,0.0,128.0,360.0,1.0,1,False,True,False,8.740496729931813,0.0,4.859812404361672
LP001751,1,1,0,0,0,3250.0,0.0,170.0,360.0,1.0,0,True,False,False,8.086717920303906,0.0,5.14166355650266
LP001754,1,1,0,1,1,4735.0,0.0,138.0,360.0,1.0,0,False,False,True,8.462948176563842,0.0,4.9344739331306915
LP001758,1,1,2,0,0,6250.0,1695.0,210.0,360.0,1.0,1,False,True,False,8.740496729931813,7.4360278163518485,5.351858133476067
LP001761,1,0,0,0,1,6400.0,0.0,200.0,360.0,1.0,1,True,False,False,8.764209507142004,0.0,5.303304908059076
LP001765,1,1,1,0,0,2491.0,2054.0,104.0,360.0,1.0,1,False,True,False,7.820840879907344,7.628031126930335,4.653960350157523
LP001770,1,0,0,1,0,3189.0,2598.0,120.0,360.0,1.0,1,True,False,False,8.06777619577889,7.8628820346414905,4.795790545596741
LP001776,0,0,0,0,0,8333.0,0.0,261.5,360.0,1.0,1,False,True,False,9.0280988119824,0.0,5.570251082031678
LP001778,1,1,1,0,0,3155.0,1779.0,140.0,360.0,1.0,1,False,True,False,8.057060681965766,7.484368643286131,4.948759890378168
LP001784,1,1,1,0,0,5500.0,1260.0,170.0,360.0,1.0,1,True,False,False,8.612685172875459,7.13966033596492,5.14166355650266
LP001786,1,1,0,0,0,5746.0,0.0,255.0,360.0,0.0,0,False,False,True,8.656433258507741,0.0,5.545177444479562
LP001788,0,0,0,0,1,3463.0,0.0,122.0,360.0,0.0,1,False,False,True,8.150179269682326,0.0,4.812184355372417
LP001790,0,0,1,0,0,3812.0,0.0,112.0,360.0,1.0,1,True,False,False,8.246171559857563,0.0,4.727387818712341
LP001792,1,1,1,0,0,3315.0,0.0,96.0,360.0,1.0,1,False,True,False,8.106514516255185,0.0,4.574710978503383
LP001798,1,1,2,0,0,5819.0,5000.0,120.0,360.0,1.0,1,True,False,False,8.669055540725484,8.517393171418904,4.795790545596741
LP001807,1,1,2,0,1,6250.0,1300.0,108.0,360.0,1.0,1,True,False,False,8.740496729931813,7.170888478512505,4.6913478822291435
LP001811,1,1,0,1,0,3406.0,4417.0,123.0,360.0,1.0,1,False,True,False,8.133587417660966,8.393442383980062,4.820281565605037
LP001814,1,1,2,0,0,9703.0,0.0,112.0,360.0,1.0,1,False,False,True,9.180293450623886,0.0,4.727387818712341
LP001825,1,1,0,0,0,1809.0,1868.0,90.0,360.0,1.0,1,False,False,True,7.501082124259871,7.533158807455563,4.51085950651685
LP001835,1,1,0,1,0,1668.0,3890.0,201.0,360.0,0.0,0,False,True,False,7.419979923661835,8.266421472984554,5.308267697401205
LP001836,0,0,2,0,0,3427.0,0.0,138.0,360.0,1.0,0,False,False,True,8.13973227971767,0.0,4.9344739331306915
LP001841,1,0,0,1,1,2583.0,2167.0,104.0,360.0,1.0,1,True,False,False,7.857093864902493,7.681560362559537,4.653960350157523
LP001844,1,0,0,0,1,10171.25,0.0,192.0,360.0,0.0,0,False,False,True,9.227418703510933,0.0,5.262690188904886
LP001846,0,0,3,0,0,3083.0,0.0,255.0,360.0,1.0,1,True,False,False,8.03398273468322,0.0,5.545177444479562
LP001849,1,0,0,1,0,6045.0,0.0,115.0,360.0,0.0,0,True,False,False,8.707152175339404,0.0,4.7535901911063645
LP001854,1,1,3,0,0,5250.0,0.0,94.0,360.0,1.0,0,False,False,True,8.566173813637858,0.0,4.553876891600541
LP001859,1,1,0,0,0,10171.25,2100.0,261.5,360.0,1.0,0,True,False,False,9.227418703510933,7.650168700845001,5.570251082031678
LP001864,1,1,3,1,0,4931.0,0.0,128.0,360.0,0.0,0,False,True,False,8.503499864284235,0.0,4.859812404361672
LP001865,1,1,1,0,0,6083.0,4250.0,261.5,360.0,0.0,1,False,False,True,8.713417653379183,8.35490952835879,5.570251082031678
LP001868,1,0,0,0,0,2060.0,2209.0,134.0,360.0,1.0,1,False,True,False,7.630946580890459,7.700747794511798,4.90527477843843
LP001871,0,0,0,0,0,7200.0,0.0,120.0,360.0,1.0,1,True,False,False,8.881975184248867,0.0,4.795790545596741
LP001872,1,0,0,0,1,5166.0,0.0,128.0,360.0,1.0,1,False,True,False,8.550047528287184,0.0,4.859812404361672
LP001875,1,0,0,0,0,4095.0,3447.0,151.0,360.0,1.0,1,True,False,False,8.317766166719343,8.145549631783584,5.0238805208462765
LP001877,1,1,2,0,0,4708.0,1387.0,150.0,360.0,1.0,1,False,True,False,8.457230850243555,7.23561914106675,5.017279836814924
LP001882,1,1,3,0,0,4333.0,1811.0,160.0,360.0,0.0,1,False,False,True,8.374246182096304,7.502186486602924,5.081404364984463
LP001883,0,0,0,0,0,3418.0,0.0,135.0,360.0,1.0,0,True,False,False,8.137103389639302,0.0,4.912654885736052
LP001884,0,0,1,0,0,2876.0,1560.0,90.0,360.0,1.0,1,False,False,True,7.964503363551548,7.353081920515432,4.51085950651685
LP001888,0,0,0,0,0,3237.0,0.0,30.0,360.0,1.0,1,False,False,True,8.08271113423758,0.0,3.4339872044851463
LP001891,1,1,0,0,0,10171.25,0.0,136.0,360.0,1.0,1,False,False,True,9.227418703510933,0.0,4.919980925828125
LP001892,1,0,0,0,0,2833.0,1857.0,126.0,360.0,1.0,1,True,False,False,7.949444420250626,7.527255919373784,4.844187086458591
LP001894,1,1,0,0,0,2620.0,2223.0,150.0,360.0,1.0,1,False,True,False,7.8713112033234065,7.707062655370473,5.017279836814924
LP001896,1,1,2,0,0,3900.0,0.0,90.0,360.0,1.0,1,False,True,False,8.268988209506656,0.0,4.51085950651685
LP001900,1,1,1,0,0,2750.0,1842.0,115.0,360.0,1.0,1,False,True,False,7.919719760924575,7.519149957669823,4.7535901911063645
LP001903,1,1,0,0,0,3993.0,3274.0,207.0,360.0,1.0,1,False,True,False,8.29254851397576,8.094073148069352,5.337538079701318
LP001904,1,1,0,0,0,3103.0,1300.0,80.0,360.0,1.0,1,False,False,True,8.04044688130311,7.170888478512505,4.394449154672439
LP001907,1,1,0,0,0,10171.25,0.0,261.5,360.0,1.0,1,False,True,False,9.227418703510933,0.0,5.570251082031678
LP001908,0,1,0,1,0,4100.0,0.0,124.0,360.0,0.0,1,True,False,False,8.31898612539206,0.0,4.8283137373023015
LP001910,1,0,1,1,1,4053.0,2426.0,158.0,360.0,0.0,0,False,False,True,8.307459327011946,7.794411205726601,5.0689042022202315
LP001914,1,1,0,0,0,3927.0,800.0,112.0,360.0,1.0,1,False,True,False,8.275885669474356,6.68586094706836,4.727387818712341
LP001917,0,0,0,0,0,1811.0,1666.0,54.0,360.0,1.0,1,False,False,True,7.502186486602924,7.418780882750794,4.007333185232471
LP001922,1,1,0,0,0,10171.25,0.0,126.0,360.0,1.0,0,True,False,False,9.227418703510933,0.0,4.844187086458591
LP001924,1,0,0,0,0,3158.0,3053.0,89.0,360.0,1.0,1,True,False,False,8.058010800802085,8.024207485778577,4.499809670330265
LP001926,1,1,0,0,0,3704.0,2000.0,120.0,360.0,1.0,1,True,False,False,8.217438537730187,7.601402334583733,4.795790545596741
LP001931,0,0,0,0,0,4124.0,0.0,115.0,360.0,1.0,1,False,True,False,8.324821298768782,0.0,4.7535901911063645
LP001935,1,0,0,0,0,9508.0,0.0,187.0,360.0,1.0,1,True,False,False,9.159993997539445,0.0,5.236441962829949
LP001936,1,1,0,0,0,3075.0,2416.0,139.0,360.0,1.0,1,True,False,False,8.031385330625534,7.790282380703483,4.941642422609304
LP001938,1,1,2,0,0,4400.0,0.0,127.0,360.0,0.0,0,False,True,False,8.38958706681109,0.0,4.852030263919617
LP001940,1,1,2,0,0,3153.0,1560.0,134.0,360.0,1.0,1,False,False,True,8.056426767522984,7.353081920515432,4.90527477843843
LP001947,1,1,0,0,0,2383.0,3334.0,172.0,360.0,1.0,1,False,True,False,7.776535028185241,8.112227958349724,5.153291594497779
LP001949,1,1,3,0,0,4416.0,1250.0,110.0,360.0,1.0,1,False,False,True,8.393216011596527,7.1316985104669115,4.709530201312334
LP001953,1,1,1,0,0,6875.0,0.0,200.0,360.0,1.0,1,False,True,False,8.83579236650274,0.0,5.303304908059076
LP001954,0,1,1,0,0,4666.0,0.0,135.0,360.0,1.0,1,False,False,True,8.448271745949816,0.0,4.912654885736052
LP001963,1,1,1,0,0,2014.0,2925.0,113.0,360.0,1.0,0,False,False,True,7.608374474380783,7.98139158158007,4.736198448394496
LP001964,1,1,0,1,0,1800.0,2934.0,93.0,360.0,0.0,0,False,False,True,7.496097345175956,7.984462732262196,4.543294782270004
LP001972,1,1,0,1,0,2875.0,1750.0,105.0,360.0,1.0,1,False,True,False,7.964155718840937,7.467942332285852,4.663439094112067
LP001974,0,0,0,0,0,5000.0,0.0,132.0,360.0,1.0,1,True,False,False,8.517393171418904,0.0,4.890349128221754
LP001977,1,1,1,0,0,1625.0,1803.0,96.0,360.0,1.0,1,False,False,True,7.3938782901077555,7.4977617006225685,4.574710978503383
LP001978,1,0,0,0,0,4000.0,2500.0,140.0,360.0,1.0,1,True,False,False,8.294299608857235,7.824445930877619,4.948759890378168
LP001990,1,0,0,1,0,2000.0,0.0,126.0,360.0,1.0,0,False,False,True,7.601402334583733,0.0,4.844187086458591
LP001993,0,0,0,0,0,3762.0,1666.0,135.0,360.0,1.0,1,True,False,False,8.232971790593437,7.418780882750794,4.912654885736052
LP001994,0,0,0,0,0,2400.0,1863.0,104.0,360.0,0.0,0,False,False,True,7.783640596221253,7.530479995245536,4.653960350157523
LP001996,1,0,0,0,0,10171.25,0.0,261.5,360.0,1.0,0,True,False,False,9.227418703510933,0.0,5.570251082031678
LP001998,1,1,2,1,0,7667.0,0.0,185.0,360.0,0.0,1,True,False,False,8.944811104165534,0.0,5.225746673713202
LP002002,0,0,0,0,0,2917.0,0.0,84.0,360.0,1.0,1,False,True,False,7.978653729082731,0.0,4.442651256490317
LP002004,1,0,0,1,0,2927.0,2405.0,111.0,360.0,1.0,1,False,True,False,7.982074875081202,7.785720896534624,4.718498871295094
LP002006,0,0,0,0,0,2507.0,0.0,56.0,360.0,1.0,1,True,False,False,7.827240901752812,0.0,4.04305126783455
LP002024,1,1,0,0,0,2473.0,1843.0,159.0,360.0,1.0,0,True,False,False,7.813591552952433,7.519692404116539,5.075173815233827
LP002035,1,1,2,0,0,3717.0,0.0,120.0,360.0,1.0,1,False,True,False,8.220941168281389,0.0,4.795790545596741
LP002036,1,1,0,0,0,2058.0,2134.0,88.0,360.0,0.0,1,False,False,True,7.629975707027789,7.666221925662725,4.48863636973214
LP002043,0,0,1,0,0,3541.0,0.0,112.0,360.0,0.0,1,False,True,False,8.17244681834278,0.0,4.727387818712341
LP002050,1,1,1,0,1,10000.0,0.0,155.0,360.0,1.0,0,True,False,False,9.210440366976517,0.0,5.049856007249537
LP002051,1,1,0,0,0,2400.0,2167.0,115.0,360.0,1.0,1,False,True,False,7.783640596221253,7.681560362559537,4.7535901911063645
LP002053,1,1,3,0,0,4342.0,189.0,124.0,360.0,1.0,1,False,True,False,8.376320632534823,5.247024072160486,4.8283137373023015
LP002054,1,1,2,1,0,3601.0,1590.0,126.0,360.0,1.0,1,True,False,False,8.189244525735901,7.372118028337787,4.844187086458591
LP002055,0,0,0,0,0,3166.0,2985.0,132.0,360.0,0.0,1,True,False,False,8.06054004653864,8.001689978099135,4.890349128221754
LP002065,1,1,3,0,0,10171.25,0.0,261.5,360.0,1.0,1,True,False,False,9.227418703510933,0.0,5.570251082031678
LP002067,1,1,1,0,1,8666.0,4983.0,261.5,360.0,0.0,0,True,False,False,9.067277989134345,8.51398806046729,5.570251082031678
LP002068,1,0,0,0,0,4917.0,0.0,130.0,360.0,0.0,1,True,False,False,8.500657222776137,0.0,4.875197323201151
LP002082,1,1,0,0,1,5818.0,2160.0,184.0,360.0,1.0,1,False,True,False,8.66888370465667,7.6783263565068856,5.220355825078324
LP002086,0,1,0,0,0,4333.0,2451.0,110.0,360.0,1.0,0,False,False,True,8.374246182096304,7.804659297056102,4.709530201312334
LP002087,0,0,0,0,0,2500.0,0.0,67.0,360.0,1.0,1,False,False,True,7.824445930877619,0.0,4.219507705176107
LP002097,1,0,1,0,0,4384.0,1793.0,117.0,360.0,1.0,1,False,False,True,8.385944904806284,7.492203042618741,4.770684624465665
LP002098,1,0,0,0,0,2935.0,0.0,98.0,360.0,1.0,1,False,True,False,7.984803389734406,0.0,4.59511985013459
LP002100,1,0,0,0,0,2833.0,0.0,71.0,360.0,1.0,1,False,False,True,7.949444420250626,0.0,4.276666119016055
LP002106,1,1,0,0,1,5503.0,4490.0,70.0,360.0,1.0,1,False,True,False,8.61323037961318,8.409830673087738,4.2626798770413155
LP002110,1,1,1,0,0,5250.0,688.0,160.0,360.0,1.0,1,True,False,False,8.566173813637858,6.535241271013659,5.081404364984463
LP002112,1,1,2,0,1,2500.0,4600.0,176.0,360.0,1.0,1,True,False,False,7.824445930877619,8.434028950155469,5.176149732573829
LP002113,0,0,3,1,0,1830.0,0.0,126.0,360.0,0.0,0,False,False,True,7.5126175446745105,0.0,4.844187086458591
LP002114,0,0,0,0,0,4160.0,0.0,71.0,360.0,1.0,1,False,True,False,8.333510708982942,0.0,4.276666119016055
LP002115,1,1,3,1,0,2647.0,1587.0,173.0,360.0,1.0,0,True,False,False,7.881559917056899,7.370230641807081,5.159055299214529
LP002116,0,0,0,0,0,2378.0,0.0,46.0,360.0,1.0,0,True,False,False,7.774435510302958,0.0,3.8501476017100584
LP002119,1,1,1,1,0,4554.0,1229.0,158.0,360.0,1.0,1,False,False,True,8.423980809694058,7.114769448366463,5.0689042022202315
LP002126,1,1,3,1,0,3173.0,0.0,74.0,360.0,1.0,1,False,True,False,8.062747901086354,0.0,4.31748811353631
LP002128,1,1,2,0,0,2583.0,2330.0,125.0,360.0,1.0,1,True,False,False,7.857093864902493,7.754052639035757,4.836281906951478
LP002129,1,1,0,0,0,2499.0,2458.0,160.0,360.0,1.0,1,False,True,False,7.824046010856292,7.807510042216193,5.081404364984463
LP002130,1,1,0,1,0,3523.0,3230.0,152.0,360.0,0.0,0,True,False,False,8.16735198705607,8.080546965824498,5.030437921392435
LP002131,1,1,2,1,0,3083.0,2168.0,126.0,360.0,1.0,1,False,False,True,8.03398273468322,7.682021510826875,4.844187086458591
LP002137,1,1,0,0,0,6333.0,4583.0,259.0,360.0,0.0,1,False,True,False,8.753687227098585,8.430327258394575,5.560681631015528
LP002138,1,1,0,0,0,2625.0,5743.125,187.0,360.0,1.0,1,True,False,False,7.873217054862741,8.655932872329714,5.236441962829949
LP002139,1,1,0,0,0,9083.0,0.0,228.0,360.0,1.0,1,False,True,False,9.114269903225448,0.0,5.43372200355424
LP002140,1,0,0,0,0,8750.0,4167.0,261.5,360.0,1.0,0,True,False,False,9.076923258535832,8.335191583433202,5.570251082031678
LP002141,1,1,3,0,0,2666.0,2083.0,95.0,360.0,1.0,1,True,False,False,7.888709524182015,7.642044402873258,4.564348191467836
LP002142,0,1,0,0,1,5500.0,0.0,105.0,360.0,0.0,0,True,False,False,8.612685172875459,0.0,4.663439094112067
LP002143,0,1,0,0,0,2423.0,505.0,130.0,360.0,1.0,1,False,True,False,7.793174347189205,6.226536669287466,4.875197323201151
LP002149,1,1,2,0,0,8333.0,3167.0,165.0,360.0,1.0,1,True,False,False,9.0280988119824,8.060855752934316,5.111987788356544
LP002151,1,1,1,0,0,3875.0,0.0,67.0,360.0,1.0,0,False,False,True,8.262558973010657,0.0,4.219507705176107
LP002160,1,1,3,0,0,5167.0,3167.0,200.0,360.0,1.0,1,False,True,False,8.550241045462437,8.060855752934316,5.303304908059076
LP002161,0,0,1,0,0,4723.0,0.0,81.0,360.0,1.0,0,False,True,False,8.460411177317253,0.0,4.406719247264253
LP002170,1,1,2,0,0,5000.0,3667.0,236.0,360.0,1.0,1,False,True,False,8.517393171418904,8.207401833376355,5.4680601411351315
LP002175,1,1,0,0,0,4750.0,2333.0,130.0,360.0,1.0,1,False,False,True,8.46611040118692,7.755338812846501,4.875197323201151
LP002180,1,0,0,0,1,6822.0,0.0,141.0,360.0,1.0,1,True,False,False,8.828054536815424,0.0,4.955827057601261
LP002181,1,0,0,1,0,6216.0,0.0,133.0,360.0,1.0,0,True,False,False,8.735042754269337,0.0,4.897839799950911
LP002188,1,0,0,0,0,5124.0,0.0,124.0,360.0,0.0,0,True,False,False,8.54188580400661,0.0,4.8283137373023015
LP002190,1,1,1,0,0,6325.0,0.0,175.0,360.0,1.0,1,False,True,False,8.752423403865594,0.0,5.170483995038151
LP002191,1,1,0,0,0,10171.25,5266.0,261.5,360.0,1.0,0,True,False,False,9.227418703510933,8.569216219483389,5.570251082031678
LP002194,0,0,0,0,1,10171.25,0.0,55.0,360.0,1.0,1,False,True,False,9.227418703510933,0.0,4.02535169073515
LP002197,1,1,2,0,0,5185.0,0.0,155.0,360.0,1.0,1,False,True,False,8.55371796609861,0.0,5.049856007249537
LP002209,0,0,0,0,0,2764.0,1459.0,110.0,360.0,1.0,1,False,False,True,7.9247959139564355,7.286191714702382,4.709530201312334
LP002219,1,1,3,0,0,8750.0,4996.0,130.0,360.0,1.0,1,True,False,False,9.076923258535832,8.516593011344206,4.875197323201151
LP002223,1,1,0,0,0,4310.0,0.0,130.0,360.0,0.0,1,False,True,False,8.368925174747135,0.0,4.875197323201151
LP002225,1,1,2,0,0,5391.0,0.0,130.0,360.0,1.0,1,False,False,True,8.592671652592143,0.0,4.875197323201151
LP002226,1,1,0,0,0,3333.0,2500.0,128.0,360.0,1.0,1,False,True,False,8.111928063310739,7.824445930877619,4.859812404361672
LP002229,1,0,0,0,0,5941.0,4232.0,261.5,360.0,1.0,1,False,True,False,8.689801056022553,8.350666240520924,5.570251082031678
LP002231,0,0,0,0,0,6000.0,0.0,156.0,360.0,1.0,1,False,False,True,8.699681400989514,0.0,5.056245805348308
LP002234,1,0,0,0,1,7167.0,0.0,128.0,360.0,1.0,1,False,False,True,8.877381954654766,0.0,4.859812404361672
LP002236,1,1,2,0,0,4566.0,0.0,100.0,360.0,1.0,0,False,False,True,8.426611813185,0.0,4.61512051684126
LP002239,1,0,0,1,0,2346.0,1600.0,132.0,360.0,1.0,1,False,True,False,7.760893195851024,7.3783837129967145,4.890349128221754
LP002243,1,1,0,1,0,3010.0,3136.0,126.0,360.0,0.0,0,False,False,True,8.010027528481734,8.051022208190679,4.844187086458591
LP002244,1,1,0,0,0,2333.0,2417.0,136.0,360.0,1.0,1,False,False,True,7.755338812846501,7.790696031174738,4.919980925828125
LP002250,1,1,0,0,0,5488.0,0.0,125.0,360.0,1.0,1,True,False,False,8.610501368549889,0.0,4.836281906951478
LP002255,1,0,3,0,0,9167.0,0.0,185.0,360.0,1.0,1,True,False,False,9.12347443895452,0.0,5.225746673713202
LP002262,1,1,3,0,0,9504.0,0.0,261.5,360.0,1.0,1,True,False,False,9.15957325492253,0.0,5.570251082031678
LP002263,1,1,0,0,0,2583.0,2115.0,120.0,360.0,0.0,1,False,False,True,7.857093864902493,7.65728279297819,4.795790545596741
LP002266,1,1,2,0,0,3100.0,1400.0,113.0,360.0,1.0,1,False,False,True,8.03947991910045,7.244941546337007,4.736198448394496
LP002272,1,1,2,0,0,3276.0,484.0,135.0,360.0,0.0,1,False,True,False,8.094683648698815,6.184148890937483,4.912654885736052
LP002277,0,0,0,0,0,3180.0,0.0,71.0,360.0,0.0,0,False,False,True,8.064950891749143,0.0,4.276666119016055
LP002281,1,1,0,0,0,3033.0,1459.0,95.0,360.0,1.0,1,False,False,True,8.017637159908478,7.286191714702382,4.564348191467836
LP002284,1,0,0,1,0,3902.0,1666.0,109.0,360.0,1.0,1,True,False,False,8.269500767180615,7.418780882750794,4.700480365792417
LP002287,0,0,0,0,0,1500.0,1800.0,103.0,360.0,0.0,0,False,True,False,7.313886831633462,7.496097345175956,4.6443908991413725
LP002297,1,0,0,0,0,2500.0,5743.125,103.0,360.0,1.0,1,False,True,False,7.824445930877619,8.655932872329714,4.6443908991413725
LP002300,0,0,0,1,0,1963.0,0.0,53.0,360.0,1.0,1,False,True,False,7.582738488914411,0.0,3.9889840465642745
LP002301,0,0,0,0,1,7441.0,0.0,194.0,360.0,1.0,0,True,False,False,8.914894908906568,0.0,5.272999558563747
LP002305,0,0,0,0,0,4547.0,0.0,115.0,360.0,1.0,1,False,True,False,8.422442854870427,0.0,4.7535901911063645
LP002308,1,1,0,1,0,2167.0,2400.0,115.0,360.0,1.0,1,False,False,True,7.681560362559537,7.783640596221253,4.7535901911063645
LP002314,0,0,0,1,0,2213.0,0.0,66.0,360.0,1.0,1,True,False,False,7.7025561132685825,0.0,4.204692619390966
LP002317,1,1,3,0,0,10171.25,0.0,261.5,360.0,0.0,0,True,False,False,9.227418703510933,0.0,5.570251082031678
LP002318,0,0,1,1,1,3867.0,0.0,62.0,360.0,1.0,0,False,True,False,8.260492856573185,0.0,4.143134726391533
LP002319,1,1,0,0,0,6256.0,0.0,160.0,360.0,0.0,1,False,False,True,8.741456115998364,0.0,5.081404364984463
LP002328,1,1,0,1,0,6096.0,0.0,218.0,360.0,0.0,0,True,False,False,8.715552125907816,0.0,5.389071729816501
LP002332,1,1,0,1,0,2253.0,2033.0,110.0,360.0,1.0,1,True,False,False,7.720461694599722,7.617759576608505,4.709530201312334
LP002335,0,1,0,1,0,2149.0,3237.0,178.0,360.0,0.0,0,False,True,False,7.673223121121708,8.08271113423758,5.187385805840755
LP002337,0,0,0,0,0,2995.0,0.0,60.0,360.0,1.0,1,False,False,True,8.005033344637111,0.0,4.110873864173311
LP002341,0,0,1,0,0,2600.0,0.0,160.0,360.0,1.0,0,False,False,True,7.8636512654486515,0.0,5.081404364984463
LP002342,1,1,2,0,1,1600.0,5743.125,239.0,360.0,1.0,0,False,False,True,7.3783837129967145,8.655932872329714,5.480638923341991
LP002345,1,1,0,0,0,1025.0,2773.0,112.0,360.0,1.0,1,True,False,False,6.933423025730715,7.928045600874777,4.727387818712341
LP002347,1,1,0,0,0,3246.0,1417.0,138.0,360.0,1.0,1,False,True,False,8.085486772102845,7.257002707092073,4.9344739331306915
LP002348,1,1,0,0,0,5829.0,0.0,138.0,360.0,1.0,1,True,False,False,8.670772279344538,0.0,4.9344739331306915
LP002357,0,0,0,1,0,2720.0,0.0,80.0,360.0,0.0,0,False,False,True,7.908754738783246,0.0,4.394449154672439
LP002361,1,1,0,0,0,1820.0,1719.0,100.0,360.0,1.0,1,False,False,True,7.507141079727608,7.450079569807499,4.61512051684126
LP002362,1,1,1,0,0,7250.0,1667.0,110.0,360.0,0.0,0,False,False,True,8.888894669371593,7.419380582918692,4.709530201312334
LP002364,1,1,0,0,0,10171.25,0.0,96.0,360.0,1.0,1,False,True,False,9.227418703510933,0.0,4.574710978503383
LP002366,1,1,0,0,0,2666.0,4300.0,121.0,360.0,1.0,1,True,False,False,7.888709524182015,8.366602832783736,4.804021044733257
LP002367,0,0,1,1,0,4606.0,0.0,81.0,360.0,1.0,0,True,False,False,8.435332164935916,0.0,4.406719247264253
LP002368,1,1,2,0,0,5935.0,0.0,133.0,360.0,1.0,1,False,True,False,8.688790784847216,0.0,4.897839799950911
LP002369,1,1,0,0,0,2920.0,16.12000084,87.0,360.0,1.0,1,True,False,False,7.979681302387741,2.8402474197790153,4.477336814478207
LP002377,0,0,1,0,1,8624.0,0.0,150.0,360.0,1.0,1,False,True,False,9.062420241899561,0.0,5.017279836814924
LP002379,1,0,0,0,0,6500.0,0.0,105.0,360.0,0.0,0,True,False,False,8.77971129020447,0.0,4.663439094112067
LP002386,1,0,0,0,0,10171.25,0.0,261.5,360.0,1.0,1,False,True,False,9.227418703510933,0.0,5.570251082031678
LP002387,1,1,0,0,0,2425.0,2340.0,143.0,360.0,1.0,1,False,True,False,7.793999089503996,7.75833346749091,4.969813299576001
LP002390,1,0,0,0,0,3750.0,0.0,100.0,360.0,1.0,1,False,False,True,8.229777750081887,0.0,4.61512051684126
LP002398,1,0,0,0,0,1926.0,1851.0,50.0,360.0,1.0,1,False,True,False,7.563719668414366,7.524021415206125,3.9318256327243257
LP002401,1,1,0,0,0,2213.0,1125.0,126.0,360.0,1.0,1,False,False,True,7.7025561132685825,7.026426808699636,4.844187086458591
LP002403,1,0,0,0,1,10171.25,0.0,187.0,360.0,0.0,0,False,False,True,9.227418703510933,0.0,5.236441962829949
LP002407,0,1,0,1,1,7142.0,0.0,138.0,360.0,1.0,1,True,False,False,8.873888135154973,0.0,4.9344739331306915
LP002408,1,0,0,0,0,3660.0,5064.0,187.0,360.0,1.0,1,False,True,False,8.205491613120236,8.530109416682784,5.236441962829949
LP002409,1,1,0,0,0,7901.0,1833.0,180.0,360.0,1.0,1,True,False,False,8.974871170971337,7.51425465281641,5.198497031265826
LP002418,1,0,3,1,0,4707.0,1993.0,148.0,360.0,1.0,1,False,True,False,8.457018468380168,7.597897950521784,5.003946305945459
LP002422,1,0,1,0,0,10171.25,0.0,152.0,360.0,1.0,1,False,True,False,9.227418703510933,0.0,5.030437921392435
LP002429,1,1,1,0,1,3466.0,1210.0,130.0,360.0,1.0,1,True,False,False,8.151044945685024,7.099201743553092,4.875197323201151
LP002434,1,1,2,1,0,4652.0,0.0,110.0,360.0,1.0,1,True,False,False,8.445267451844648,0.0,4.709530201312334
LP002435,1,1,0,0,0,3539.0,1376.0,55.0,360.0,1.0,0,True,False,False,8.17188200612782,7.227662498728654,4.02535169073515
LP002443,1,1,2,0,0,3340.0,1710.0,150.0,360.0,0.0,0,True,False,False,8.114025442356757,7.444833273892193,5.017279836814924
LP002444,1,0,1,1,1,2769.0,1542.0,190.0,360.0,0.0,0,False,True,False,7.926602599181384,7.341483852363161,5.25227342804663
LP002446,1,1,2,1,0,2309.0,1255.0,125.0,360.0,0.0,0,True,False,False,7.745002803515839,7.135687347028144,4.836281906951478
LP002448,1,1,0,0,0,3948.0,1733.0,149.0,360.0,0.0,0,True,False,False,8.28121766128665,7.458186157340487,5.0106352940962555
LP002453,1,0,0,0,1,7085.0,0.0,84.0,360.0,1.0,1,False,True,False,8.865876285425417,0.0,4.442651256490317
LP002455,1,1,2,0,0,3859.0,0.0,96.0,360.0,1.0,1,False,True,False,8.258422462458876,0.0,4.574710978503383
LP002459,1,1,0,0,0,4301.0,0.0,118.0,360.0,1.0,1,False,False,True,8.366835309827675,0.0,4.77912349311153
LP002467,1,1,0,0,0,3708.0,2569.0,173.0,360.0,1.0,0,False,False,True,8.21851757748959,7.851661177889265,5.159055299214529
LP002472,1,0,2,0,0,4354.0,0.0,136.0,360.0,1.0,1,True,False,False,8.379079889286603,0.0,4.919980925828125
LP002473,1,1,0,0,0,8334.0,0.0,160.0,360.0,1.0,0,False,True,False,9.028218795184895,0.0,5.081404364984463
LP002478,1,1,0,0,1,2083.0,4083.0,160.0,360.0,0.0,1,False,True,False,7.642044402873258,8.314832179284556,5.081404364984463
LP002487,1,1,0,0,0,3015.0,2188.0,153.0,360.0,1.0,1,True,False,False,8.011686729127847,7.691200097522863,5.0369526024136295
LP002489,0,0,1,1,0,5191.0,0.0,132.0,360.0,1.0,1,False,True,False,8.554874258383926,0.0,4.890349128221754
LP002493,1,0,0,0,0,4166.0,0.0,98.0,360.0,0.0,0,False,True,False,8.334951631422454,0.0,4.59511985013459
LP002494,1,0,0,0,0,6000.0,0.0,140.0,360.0,1.0,1,True,False,False,8.699681400989514,0.0,4.948759890378168
LP002501,1,1,0,0,0,10171.25,0.0,110.0,360.0,1.0,1,False,True,False,9.227418703510933,0.0,4.709530201312334
LP002502,0,1,2,1,0,210.0,2917.0,98.0,360.0,1.0,1,False,True,False,5.351858133476067,7.978653729082731,4.59511985013459
LP002505,1,1,0,0,0,4333.0,2451.0,110.0,360.0,1.0,0,False,False,True,8.374246182096304,7.804659297056102,4.709530201312334
LP002515,1,1,1,0,1,3450.0,2079.0,162.0,360.0,1.0,1,False,True,False,8.146419323098003,7.640123172695364,5.093750200806762
LP002519,1,1,3,0,0,4691.0,0.0,100.0,360.0,1.0,1,False,True,False,8.453614209773367,0.0,4.61512051684126
LP002522,0,0,0,0,1,2500.0,0.0,93.0,360.0,0.0,1,False,False,True,7.824445930877619,0.0,4.543294782270004
LP002524,1,0,2,0,0,5532.0,4648.0,162.0,360.0,1.0,1,True,False,False,8.618485442898109,8.444407421690585,5.093750200806762
LP002527,1,1,2,0,1,10171.25,1014.0,150.0,360.0,1.0,1,True,False,False,9.227418703510933,6.922643891475888,5.017279836814924
LP002530,1,1,2,0,0,2873.0,1872.0,132.0,360.0,0.0,0,False,True,False,7.96346006663897,7.5352967024440884,4.890349128221754
LP002531,1,1,1,0,1,10171.25,2250.0,86.0,360.0,1.0,1,False,True,False,9.227418703510933,7.719129840906732,4.465908118654584
LP002533,1,1,2,0,0,2947.0,1603.0,126.0,360.0,1.0,0,False,False,True,7.988882253309227,7.38025578842646,4.844187086458591
LP002534,0,0,0,1,0,4350.0,0.0,154.0,360.0,1.0,1,True,False,False,8.37816098272068,0.0,5.043425116919247
LP002536,1,1,3,1,0,3095.0,0.0,113.0,360.0,1.0,1,True,False,False,8.037866234709618,0.0,4.736198448394496
LP002537,1,1,0,0,0,2083.0,3150.0,128.0,360.0,1.0,1,False,True,False,7.642044402873258,8.055475141757274,4.859812404361672
LP002541,1,1,0,0,0,10171.25,0.0,234.0,360.0,1.0,1,False,True,False,9.227418703510933,0.0,5.459585514144159
LP002543,1,1,2,0,0,8333.0,0.0,246.0,360.0,1.0,1,False,True,False,9.0280988119824,0.0,5.5093883366279774
LP002544,1,1,1,1,0,1958.0,2436.0,131.0,360.0,1.0,1,True,False,False,7.580189417944541,7.798523053625206,4.882801922586371
LP002545,1,0,2,0,0,3547.0,0.0,80.0,360.0,0.0,0,True,False,False,8.17413934342947,0.0,4.394449154672439
LP002547,1,1,1,0,0,10171.25,0.0,261.5,360.0,1.0,0,False,False,True,9.227418703510933,0.0,5.570251082031678
LP002555,1,1,2,0,1,4583.0,2083.0,160.0,360.0,1.0,1,False,True,False,8.430327258394575,7.642044402873258,5.081404364984463
LP002556,1,0,0,0,0,2435.0,0.0,75.0,360.0,1.0,0,False,False,True,7.798112628829788,0.0,4.330733340286331
LP002560,1,0,0,1,0,2699.0,2785.0,96.0,360.0,0.0,1,False,True,False,7.90100705199242,7.932362154339751,4.574710978503383
LP002562,1,1,1,1,0,5333.0,1131.0,186.0,360.0,0.0,1,False,False,True,8.58185670474196,7.0317412587631285,5.231108616854587
LP002571,1,0,0,1,0,3691.0,0.0,110.0,360.0,1.0,1,True,False,False,8.213923595622743,0.0,4.709530201312334
LP002582,0,0,0,1,1,10171.25,0.0,225.0,360.0,1.0,1,False,True,False,9.227418703510933,0.0,5.420534999272286
LP002585,1,1,0,0,0,3597.0,2157.0,119.0,360.0,0.0,0,True,False,False,8.188133414510478,7.67693714581808,4.787491742782046
LP002587,1,1,0,1,0,2600.0,1700.0,107.0,360.0,1.0,1,True,False,False,7.8636512654486515,7.438971592395862,4.68213122712422
LP002600,1,1,1,0,1,2895.0,0.0,95.0,360.0,1.0,1,False,True,False,7.971085753505607,0.0,4.564348191467836
LP002602,1,0,0,0,0,6283.0,4416.0,209.0,360.0,0.0,0,True,False,False,8.745761999375512,8.393216011596527,5.3471075307174685
LP002606,0,0,0,0,0,3159.0,0.0,100.0,360.0,1.0,1,False,True,False,8.058327306580958,0.0,4.61512051684126
LP002615,1,1,2,0,0,4865.0,5624.0,208.0,360.0,1.0,1,False,True,False,8.490027523343468,8.63497622707262,5.342334251964811
LP002618,1,1,1,1,0,4050.0,5302.0,138.0,360.0,0.0,0,True,False,False,8.30671904320269,8.57602797713713,4.9344739331306915
LP002622,1,1,2,0,0,3510.0,4416.0,243.0,360.0,1.0,1,True,False,False,8.163656176168432,8.393216011596527,5.497168225293202
LP002624,1,1,0,0,0,10171.25,5743.125,261.5,360.0,0.0,1,False,False,True,9.227418703510933,8.655932872329714,5.570251082031678
LP002625,1,0,0,0,0,3583.0,0.0,96.0,360.0,1.0,0,False,False,True,8.18423477409482,0.0,4.574710978503383
LP002626,1,1,0,0,1,2479.0,3013.0,188.0,360.0,1.0,1,False,False,True,7.8160138391590275,8.01102337918644,5.241747015059643
LP002634,0,0,1,0,0,10171.25,0.0,40.0,360.0,1.0,1,False,False,True,9.227418703510933,0.0,3.713572066704308
LP002637,1,0,0,1,0,3598.0,1287.0,100.0,360.0,1.0,0,True,False,False,8.188411308079031,7.160845906664299,4.61512051684126
LP002640,1,1,1,0,0,6065.0,2004.0,250.0,360.0,1.0,1,False,True,False,8.710454688248527,7.60339933974067,5.5254529391317835
LP002643,1,1,2,0,0,3283.0,2035.0,148.0,360.0,1.0,1,False,False,True,8.096817470572319,7.618742377670413,5.003946305945459
LP002652,1,0,0,0,0,5815.0,3666.0,261.5,360.0,1.0,0,True,False,False,8.668368019213355,8.207129168071326,5.570251082031678
LP002659,1,1,3,0,0,3466.0,3428.0,150.0,360.0,1.0,1,True,False,False,8.151044945685024,8.14002395246292,5.017279836814924
LP002682,1,1,0,1,0,3074.0,1800.0,123.0,360.0,0.0,0,False,True,False,8.031060180240619,7.496097345175956,4.820281565605037
LP002683,1,0,0,0,0,4683.0,1915.0,185.0,360.0,1.0,0,False,True,False,8.451907724717607,7.557994958530806,5.225746673713202
LP002684,0,0,0,1,0,3400.0,0.0,95.0,360.0,1.0,0,True,False,False,8.131824785007195,0.0,4.564348191467836
LP002689,1,1,2,1,0,2192.0,1742.0,45.0,360.0,1.0,1,False,True,False,7.693025748417888,7.463363045520021,3.828641396489095
LP002690,1,0,0,0,0,2500.0,0.0,55.0,360.0,1.0,1,False,True,False,7.824445930877619,0.0,4.02535169073515
LP002692,1,1,3,0,1,5677.0,1424.0,100.0,360.0,1.0,1,True,False,False,8.644354337032917,7.261927092702751,4.61512051684126
LP002693,1,1,2,0,1,7948.0,5743.125,261.5,360.0,1.0,1,True,False,False,8.980801413573113,8.655932872329714,5.570251082031678
LP002697,1,0,0,0,0,4680.0,2087.0,126.0,360.0,1.0,0,False,True,False,8.45126704130007,7.643961949002529,4.844187086458591
LP002699,1,1,2,0,1,10171.25,0.0,261.5,360.0,1.0,1,True,False,False,9.227418703510933,0.0,5.570251082031678
LP002705,1,1,0,0,0,3775.0,0.0,110.0,360.0,1.0,1,False,True,False,8.236420527265391,0.0,4.709530201312334
LP002706,1,1,1,1,0,5285.0,1430.0,161.0,360.0,0.0,1,False,True,False,8.572817095164234,7.266128779556451,5.087596335232384
LP002714,1,0,1,1,0,2679.0,1302.0,94.0,360.0,1.0,1,False,True,False,7.893572073504902,7.172424577124845,4.553876891600541
LP002716,1,0,0,1,0,6783.0,0.0,130.0,360.0,1.0,1,False,True,False,8.822322177471738,0.0,4.875197323201151
LP002717,1,1,0,0,0,1025.0,5500.0,216.0,360.0,0.0,1,True,False,False,6.933423025730715,8.612685172875459,5.37989735354046
LP002720,1,1,3,0,0,4281.0,0.0,100.0,360.0,1.0,1,False,False,True,8.362175469149628,0.0,4.61512051684126
LP002723,1,0,2,0,0,3588.0,0.0,110.0,360.0,0.0,0,True,False,False,8.185628891147607,0.0,4.709530201312334
LP002729,1,0,1,0,0,10171.25,0.0,196.0,360.0,0.0,0,False,True,False,9.227418703510933,0.0,5.2832037287379885
LP002731,0,0,0,1,1,10171.25,0.0,125.0,360.0,1.0,1,False,False,True,9.227418703510933,0.0,4.836281906951478
LP002732,1,0,0,1,0,2550.0,2042.0,126.0,360.0,1.0,1,True,False,False,7.844240718141811,7.622174594817622,4.844187086458591
LP002734,1,1,0,0,0,6133.0,3906.0,261.5,360.0,1.0,1,False,False,True,8.721602344674197,8.27052509505507,5.570251082031678
LP002738,1,0,2,0,0,3617.0,0.0,107.0,360.0,1.0,1,False,True,False,8.193676665955241,0.0,4.68213122712422
LP002739,1,1,0,1,0,2917.0,536.0,66.0,360.0,1.0,0,True,False,False,7.978653729082731,6.285998094508865,4.204692619390966
LP002743,0,0,0,0,0,2138.0,0.0,99.0,360.0,0.0,0,False,True,False,7.668093709082406,0.0,4.605170185988092
LP002753,0,0,1,0,0,3652.0,0.0,95.0,360.0,1.0,1,False,True,False,8.203304026795282,0.0,4.564348191467836
LP002755,1,1,1,1,0,2239.0,2524.0,128.0,360.0,1.0,1,False,False,True,7.7142311448490855,7.83399634170946,4.859812404361672
LP002757,0,1,0,1,0,3017.0,663.0,102.0,360.0,0.0,1,False,True,False,8.012349639327795,6.498282149476434,4.634728988229636
LP002767,1,1,0,0,0,2768.0,1950.0,155.0,360.0,1.0,1,True,False,False,7.926241523170962,7.576097340623111,5.049856007249537
LP002772,1,0,0,0,0,2526.0,1783.0,145.0,360.0,1.0,1,True,False,False,7.834788107388194,7.486613313139955,4.983606621708336
LP002776,0,0,0,0,0,5000.0,0.0,103.0,360.0,0.0,0,False,True,False,8.517393171418904,0.0,4.6443908991413725
LP002777,1,1,0,0,0,2785.0,2016.0,110.0,360.0,1.0,1,True,False,False,7.932362154339751,7.6093665379542115,4.709530201312334
LP002778,1,1,2,0,1,6633.0,0.0,126.0,360.0,0.0,0,True,False,False,8.799963219506997,0.0,4.844187086458591
LP002784,1,1,1,1,0,2492.0,2375.0,126.0,360.0,1.0,1,True,False,False,7.821242083523558,7.773173680482536,4.844187086458591
LP002785,1,1,1,0,0,3333.0,3250.0,158.0,360.0,1.0,1,False,False,True,8.111928063310739,8.086717920303906,5.0689042022202315
LP002788,1,1,0,1,0,2454.0,2333.0,181.0,360.0,0.0,0,False,False,True,7.805882040228621,7.755338812846501,5.204006687076795
LP002792,1,1,1,0,0,5468.0,1032.0,26.0,360.0,1.0,1,False,True,False,8.606851063346772,6.940222469119639,3.295836866004329
LP002794,0,0,0,0,0,2667.0,1625.0,84.0,360.0,0.0,1,False,False,True,7.889084407035514,7.3938782901077555,4.442651256490317
LP002795,1,1,3,0,1,10139.0,0.0,260.0,360.0,1.0,1,False,True,False,9.224243277145174,0.0,5.564520407322694
LP002798,1,1,0,0,0,3887.0,2669.0,162.0,360.0,1.0,1,False,True,False,8.265650165580329,7.8898337513942955,5.093750200806762
LP002804,0,1,0,0,0,4180.0,2306.0,182.0,360.0,1.0,1,False,True,False,8.338305731356565,7.7437032581737535,5.209486152841421
LP002807,1,1,2,1,0,3675.0,242.0,108.0,360.0,1.0,1,False,True,False,8.209580483475577,5.493061443340548,4.6913478822291435
LP002813,0,1,1,0,1,10171.25,0.0,261.5,360.0,1.0,1,False,True,False,9.227418703510933,0.0,5.570251082031678
LP002820,1,1,0,0,0,5923.0,2054.0,211.0,360.0,1.0,1,True,False,False,8.68676717538769,7.628031126930335,5.356586274672012
LP002821,1,0,0,1,1,5800.0,0.0,132.0,360.0,1.0,1,False,True,False,8.665785595466064,0.0,4.890349128221754
LP002832,1,1,2,0,0,8799.0,0.0,258.0,360.0,0.0,0,False,False,True,9.082507000466299,0.0,5.556828061699537
LP002833,1,1,0,1,0,4467.0,0.0,120.0,360.0,0.0,1,True,False,False,8.404696160189092,0.0,4.795790545596741
LP002836,1,0,0,0,0,3333.0,0.0,70.0,360.0,1.0,1,False,False,True,8.111928063310739,0.0,4.2626798770413155
LP002837,1,1,3,0,0,3400.0,2500.0,123.0,360.0,0.0,0,True,False,False,8.131824785007195,7.824445930877619,4.820281565605037
LP002841,1,1,0,0,0,3166.0,2064.0,104.0,360.0,0.0,0,False,False,True,8.06054004653864,7.632885505395133,4.653960350157523
LP002842,1,1,1,0,0,3417.0,1750.0,186.0,360.0,1.0,1,False,False,True,8.136810863675537,7.467942332285852,5.231108616854587
LP002847,1,1,0,0,0,5116.0,1451.0,165.0,360.0,0.0,0,False,False,True,8.540323608805092,7.280697195384741,5.111987788356544
LP002855,1,1,2,0,0,10171.25,0.0,261.5,360.0,1.0,1,False,False,True,9.227418703510933,0.0,5.570251082031678
LP002863,1,1,3,0,0,6406.0,0.0,150.0,360.0,1.0,0,False,True,False,8.765146421639022,0.0,5.017279836814924
LP002872,1,1,0,0,0,3087.0,2210.0,136.0,360.0,0.0,0,False,True,False,8.035278911144667,7.701200180857446,4.919980925828125
LP002874,1,0,0,0,0,3229.0,2739.0,110.0,360.0,1.0,1,False,False,True,8.080237416216702,7.9157131993821155,4.709530201312334
LP002877,1,1,1,0,0,1782.0,2232.0,107.0,360.0,1.0,1,True,False,False,7.48605261786314,7.711101251840158,4.68213122712422
LP002888,1,0,0,0,0,3182.0,2917.0,161.0,360.0,1.0,1,False,False,True,8.065579427282092,7.978653729082731,5.087596335232384
LP002892,1,1,2,0,0,6540.0,0.0,205.0,360.0,1.0,1,False,True,False,8.785845337961213,0.0,5.327876168789581
LP002893,1,0,0,0,0,1836.0,5743.125,90.0,360.0,1.0,0,False,False,True,7.515889085215125,8.655932872329714,4.51085950651685
LP002894,0,1,0,0,0,3166.0,0.0,36.0,360.0,1.0,1,False,True,False,8.06054004653864,0.0,3.6109179126442243
LP002898,1,1,1,0,0,1880.0,0.0,61.0,360.0,0.0,0,True,False,False,7.53955882930103,0.0,4.127134385045092
LP002911,1,1,1,0,0,2787.0,1917.0,146.0,360.0,0.0,0,True,False,False,7.933079771880415,7.559038255443384,4.990432586778736
LP002916,1,1,0,0,0,2297.0,1522.0,104.0,360.0,1.0,1,False,False,True,7.739794458408701,7.328437352895162,4.653960350157523
LP002917,0,0,0,1,0,2165.0,0.0,70.0,360.0,1.0,1,False,True,False,7.680637427560936,0.0,4.2626798770413155
LP002925,1,0,0,0,0,4750.0,0.0,94.0,360.0,1.0,1,False,True,False,8.46611040118692,0.0,4.553876891600541
LP002926,1,1,2,0,1,2726.0,0.0,106.0,360.0,0.0,0,False,True,False,7.910957382845589,0.0,4.672828834461906
LP002933,1,0,3,0,1,9357.0,0.0,261.5,360.0,1.0,1,False,True,False,9.143986871426161,0.0,5.570251082031678
LP002938,1,1,0,0,1,10171.25,0.0,260.0,360.0,1.0,1,False,False,True,9.227418703510933,0.0,5.564520407322694
LP002940,1,0,0,1,0,3833.0,0.0,110.0,360.0,1.0,1,True,False,False,8.251663923605589,0.0,4.709530201312334
LP002941,1,1,2,1,1,6383.0,1000.0,187.0,360.0,1.0,0,True,False,False,8.761550139129644,6.90875477931522,5.236441962829949
LP002943,1,0,0,0,0,2987.0,0.0,88.0,360.0,0.0,0,False,True,False,8.002359546252707,0.0,4.48863636973214
LP002945,1,1,0,0,1,9963.0,0.0,180.0,360.0,1.0,1,True,False,False,9.20673387638207,0.0,5.198497031265826
LP002948,1,1,2,0,0,5780.0,0.0,192.0,360.0,1.0,1,False,False,True,8.662331957082475,0.0,5.262690188904886
LP002950,1,1,0,1,0,2894.0,2792.0,155.0,360.0,1.0,1,True,False,False,7.970740390007095,7.934871565945177,5.049856007249537
LP002953,1,1,3,0,0,5703.0,0.0,128.0,360.0,1.0,1,False,False,True,8.648922962094131,0.0,4.859812404361672
LP002958,1,0,0,0,0,3676.0,4301.0,172.0,360.0,1.0,1,True,False,False,8.209852481301272,8.366835309827675,5.153291594497779
LP002959,0,1,1,0,0,10171.25,0.0,261.5,360.0,1.0,1,False,True,False,9.227418703510933,0.0,5.570251082031678
LP002961,1,1,1,0,0,3400.0,2500.0,173.0,360.0,1.0,1,False,True,False,8.131824785007195,7.824445930877619,5.159055299214529
LP002964,1,1,2,1,0,3987.0,1411.0,157.0,360.0,1.0,1,True,False,False,8.291045131081729,7.252762418053187,5.062595033026967
LP002974,1,1,0,0,0,3232.0,1950.0,108.0,360.0,1.0,1,True,False,False,8.081165777725433,7.576097340623111,4.6913478822291435
LP002978,0,0,0,0,0,2900.0,0.0,71.0,360.0,1.0,1,True,False,False,7.972810784121404,0.0,4.276666119016055
LP002983,1,1,1,0,0,8072.0,240.0,253.0,360.0,1.0,1,False,False,True,8.996280439395015,5.484796933490655,5.537334267018537
LP002984,1,1,2,0,0,7583.0,0.0,187.0,360.0,1.0,1,False,False,True,8.933796043934858,0.0,5.236441962829949
LP002990,0,0,0,0,1,4583.0,0.0,133.0,360.0,0.0,0,False,True,False,8.430327258394575,0.0,4.897839799950911
